unique_name,name,bat_style,bowl_style
MEK Hussey,Michael Edward Killeen Hussey,Left hand Bat,Right arm Medium
C Green,Cameron Donald Green,Right hand Bat,Right arm Fast medium
PJ Sangwan,Pradeep Jaibeer Sangwan,Right hand Bat,Left arm Medium
Sandeep Sharma,Sandeep Sharma,Right hand Bat,Right arm Medium
VS Malik,Vikramjeet Singh Malik,Right hand Bat,Right arm Medium
N Jagadeesan,Narayan Jagadeesan,Right hand Bat, 
IR Jaggi,Ishank Rajiv Jaggi,Right hand Bat,Legbreak Googly
Imran Tahir,Mohammad Imran Tahir,Right hand Bat,Legbreak Googly
Y Nagar,Yogesh Nagar,Right hand Bat,Right arm Offbreak
DP Conway,Devon Philip Conway,Left hand Bat,Right arm Medium
B Indrajith,Baba Indrajith,Right hand Bat,Legbreak Googly
L Ngidi,Lungisani True-man Ngidi,Right hand Bat,Right arm Fast medium
MDKJ Perera,Mathurage Don Kusal Janith Perera,Left hand Bat, 
SM Pollock,Shaun Maclean Pollock,Right hand Bat,Right arm Fast medium
T Banton,Tom Banton,Right hand Bat, 
Vijaykumar Vyshak,Vijaykumar Vyshak,Right hand Bat,Right arm Medium
A Tomar,Abhijeet Tomar,Right hand Bat,Right arm Offbreak
JW Hastings,John Wayne Hastings,Right hand Bat,Right arm Fast medium
SP Fleming,Stephen Paul Fleming,Left hand Bat, 
Rashid Khan,Rashid Khan Arman,Right hand Bat,Legbreak Googly
Harshit Rana,Harshit Pradeep Rana,Right hand Bat,Right arm Fast
DL Vettori,Daniel Luca Vettori,Left hand Bat,Slow Left arm Orthodox
K Rabada,Kagiso Rabada,Left hand Bat,Right arm Fast
P Chopra,Prashant Chopra,Right hand Bat,Legbreak Googly
CJ Jordan,Christopher James Jordan,Right hand Bat,Right arm Fast medium
Sanvir Singh,Sanvir Singh,Right hand Bat,Right arm Medium
AC Blizzard,Aiden Craig Blizzard,Left hand Bat,Left arm Medium
SK Warne,Shane Keith Warne,Right hand Bat,Legbreak Googly
K Yadav,Kuldip Yadav,Left hand Bat,Left arm Fast medium
DJG Sammy,Daren Julius Garvey Sammy,Right hand Bat,Right arm Medium
SN Khan,Sarfaraz Naushad Khan,Right hand Bat,Legbreak
B Stanlake,Billy James Stanlake,Left hand Bat,Right arm Fast
KD Karthik,Krishnakumar Dinesh Karthik,Right hand Bat,Right arm Offbreak
MA Starc,Mitchell Aaron Starc,Left hand Bat,Left arm Fast
SB Joshi,Sunil Bandacharya Joshi,Left hand Bat,Slow Left arm Orthodox
MN Samuels,Marlon Nathaniel Samuels,Right hand Bat,Right arm Offbreak
Younis Khan,Mohammad Younis Khan,Right hand Bat,"Right arm Medium, Legbreak"
P Sahu,Pardeep Sahu,Right hand Bat,Legbreak Googly
RV Patel,Ripal Vinubhai Patel,Right hand Bat,Right arm Medium fast
MM Patel,Munaf Musa Patel,Right hand Bat,Right arm Medium fast
DB Das,Debabrata Baidya Das,Right hand Bat,Legbreak Googly
Yudhvir Singh,Yudhvir Singh Charak,Right hand Bat,Right arm Medium fast
TR Birt,Travis Rodney Birt,Left hand Bat,Right arm Medium
AS Roy,Anukul Sudhakar Roy,Left hand Bat,Slow Left arm Orthodox
CJ McKay,Clinton James McKay,Right hand Bat,Right arm Fast medium
T Taibu,Tatenda Taibu,Right hand Bat,Right arm Medium
RA Shaikh,Rahil Akhil Ahmed Shaikh,Left hand Bat,Left arm Medium
M Shahrukh Khan,Masood Shahrukh Khan,Right hand Bat,Right arm Offbreak
M Prasidh Krishna,Muralikrishna Prasidh Krishna,Right hand Bat,Right arm Fast medium
SB Jakati,Shadab Bashir Jakati,Left hand Bat,Slow Left arm Orthodox
GHS Garton,George Henry Simmons Garton,Left hand Bat,Left arm Fast
WP Saha,Wriddhiman Prasanta Saha,Right hand Bat, 
AA Kazi,Abrar Anjum Kazi,Left hand Bat,Slow Left arm Orthodox
A Zampa,Adam Zampa,Right hand Bat,Legbreak Googly
MR Marsh,Mitchell Ross Marsh,Right hand Bat,Right arm Medium
Liton Das,Litton Kumer Das,Right hand Bat,Right arm Offbreak
PSP Handscomb,Peter Stephen Patrick Handscomb,Right hand Bat, 
DS Kulkarni,Dhawal Sunil Kulkarni,Right hand Bat,Right arm Medium
RS Hangargekar,Rajvardhan S Hangargekar,Right hand Bat,Right arm Fast medium
J Theron,Juan Theron,Right hand Bat,Right arm Medium fast
Harmeet Singh (2),Harmeet Singh Baddhan,Left hand Bat,Slow Left arm Orthodox
DA Warner,David Andrew Warner,Left hand Bat,Legbreak
MP Stoinis,Marcus Peter Stoinis,Right hand Bat,Right arm Medium
HM Amla,Hashim Mahomed Amla,Right hand Bat,"Right arm Medium, Right arm Offbreak"
TL Suman,Tirumalasetti Laxminarayana Suman,Right hand Bat,Right arm Offbreak
RG Sharma,Rohit Gurunath Sharma,Right hand Bat,Right arm Offbreak
A Ashish Reddy,Ammana Ashish Reddy,Right hand Bat,Right arm Medium
SK Trivedi,Siddharth Kishorkumar Trivedi,Right hand Bat,Right arm Medium
S Narwal,Sumit Narwal,Left hand Bat,Right arm Medium
B Chipli,Bharat Chipli,Right hand Bat,Right arm Medium
R Tewatia,Rahul Tewatia,Left hand Bat,Legbreak
SD Chitnis,Siddharth Dilip Chitnis,Right hand Bat,Right arm Offbreak
R Shepherd,Romario Shepherd,Right hand Bat,Right arm Fast medium
WPUJC Vaas,Warnakulasuriya Patabendige Ushantha Joseph Chaminda Vaas,Left hand Bat,Left arm Fast medium
SS Mundhe,Shrikant Shrihari Mundhe,Right hand Bat,Right arm Medium
Sunny Singh,Sunny Singh,Right hand Bat,Right arm Medium fast
Sunny Gupta,Sunny Gupta,Right hand Bat,Right arm Offbreak
TG Southee,Timothy Grant Southee,Right hand Bat,Right arm Medium fast
BAW Mendis,Balapuwaduge Ajantha Winslow Mendis,Right hand Bat,Right arm Offbreak
BCJ Cutting,Benjamin Colin James Cutting,Right hand Bat,Right arm Fast medium
BE Hendricks,Beuran Eric Hendricks,Left hand Bat,Left arm Fast medium
D Salunkhe,Dinesh Salunkhe,Right hand Bat,Legbreak
SA Asnodkar,Swapnil Ashok Asnodkar,Right hand Bat,Right arm Offbreak
AS Yadav,Arjun Shivlal Yadav,Right hand Bat,Right arm Offbreak
M Kaif,Mohammad Kaif,Right hand Bat,Right arm Offbreak
Rahmanullah Gurbaz,Rahmanullah Gurbaz,Right hand Bat, 
VRV Singh,Vikram Raj Vir Singh,Right hand Bat,Right arm Medium fast
JR Philippe,Joshua Ryan Philippe,Right hand Bat, 
Arjun Tendulkar,Arjun Sachin Tendulkar,Left hand Bat,Left arm Medium fast
Anmolpreet Singh,Anmolpreet Singh,Right hand Bat,Right arm Offbreak
RA Tripathi,Rahul Ajay Tripathi,Right hand Bat,Right arm Medium
Bipul Sharma,Bipul Sharma,Left hand Bat,Slow Left arm Orthodox
AA Noffke,Ashley Allan Noffke,Right hand Bat,Right arm Fast medium
LA Carseldine,Lee Andrew Carseldine,Left hand Bat,Left arm Medium
P Dogra,Paras Dogra,Right hand Bat,Legbreak
IC Pandey,Ishwar Chand Pandey,Right hand Bat,Right arm Medium
TD Paine,Timothy David Paine,Right hand Bat,Right arm Medium
SA Abbott,Sean Anthony Abbott,Right hand Bat,Right arm Fast medium
Arshdeep Singh,Arshdeep Singh,Left hand Bat,Left arm Medium fast
MS Dhoni,Mahendra Singh Dhoni,Right hand Bat,Right arm Medium
BW Hilfenhaus,Benjamin William Hilfenhaus,Right hand Bat,Right arm Fast medium
Kamran Akmal,Kamran Akmal,Right hand Bat, 
RP Singh,Rudra Pratap Singh,Right hand Bat,Left arm Fast medium
SN Thakur,Shardul Narendra Thakur,Right hand Bat,Right arm Medium
R Bishnoi,Rajesh Bishnoi,Right hand Bat,Right arm Medium fast
AS Raut,Abhishek Santosh Raut,Right hand Bat,Legbreak Googly
Y Gnaneswara Rao,Yalaka Gnaneswara Rao,Right hand Bat,Right arm Medium
RD Chahar,Rahul Desraj Chahar,Right hand Bat,Legbreak Googly
RR Bose,Ranadeb Ranjit Bose,Right hand Bat,Right arm Fast medium
OC McCoy,Obed  Christopher McCoy,Left hand Bat,Left arm Fast medium
GD McGrath,Glenn Donald McGrath,Right hand Bat,Right arm Fast medium
JP Behrendorff,Jason Paul Behrendorff,Right hand Bat,Left arm Fast medium
AC Gilchrist,Adam Craig Gilchrist,Left hand Bat,Right arm Offbreak
R Sharma,Rahul Sharma,Right hand Bat,Legbreak Googly
P Suyal,Pawan Shakland Suyal,Right hand Bat,Left arm Medium
K Santokie,Krishmar Santokie,Left hand Bat,Left arm Medium
S Nadeem,Shahbaz Nadeem,Right hand Bat,Slow Left arm Orthodox
DJ Malan,Dawid Johannes Malan,Left hand Bat,Legbreak
DAJ Bracewell,Douglas Andrew John Bracewell,Right hand Bat,Right arm Fast medium
R Rampaul,Ravindranath Rampaul,Left hand Bat,Right arm Fast medium
MJ Lumb,Michael John Lumb,Left hand Bat,Right arm Medium
C Ganapathy,Chandrasekar Ganapathy,Right hand Bat,Right arm Medium
RS Sodhi,Reetinder Singh Sodhi,Right hand Bat,Right arm Medium
P Dubey,Praveen Dubey,Right hand Bat,Legbreak Googly
AA Bilakhia,Azharuddin Anjum Bilakhia,Right hand Bat,Right arm Medium
AD Hales,Alexander Daniel Hales,Right hand Bat,Right arm Medium
O Thomas,Oshane Romaine Thomas,Left hand Bat,Right arm Fast
A Chopra,Aakash Chopra,Right hand Bat,"Right arm Medium, Right arm Offbreak"
MK Pandey,Manish Krishnanand Pandey,Right hand Bat,Right arm Medium
MB Parmar,Mohnish Bipinbhai Parmar,Right hand Bat,Right arm Offbreak
E Lewis,Evin Lewis,Left hand Bat, 
Mukesh Kumar,Mukesh Kumar,Right hand Bat,Right arm Medium
MF Maharoof,Mohamed Farveez Maharoof,Right hand Bat,Right arm Fast medium
LJ Wright,Luke James Wright,Right hand Bat,Right arm Medium
AT Rayudu,Ambati Thirupathi Rayudu,Right hand Bat,Right arm Offbreak
R Sathish,Rajagopal Sathish,Right hand Bat,Right arm Medium
R Dhawan,Rishi Dhawan,Right hand Bat,Right arm Medium fast
BJ Rohrer,Ben James Rohrer,Left hand Bat, 
R Dravid,Rahul Sharad Dravid,Right hand Bat,Right arm Offbreak
DW Steyn,Dale Willem Steyn,Right hand Bat,Right arm Fast
SS Cottrell,Sheldon Shane Cottrell,Right hand Bat,Left arm Fast medium
Mohsin Khan,Mohsin Khan,Left hand Bat,Left arm Medium fast
RP Meredith,Riley Patrick Meredith,Right hand Bat,Right arm Fast
Misbah-ul-Haq,Misbah-ul-Haq Khan Niazi,Right hand Bat,Legbreak
MJ Clarke,Michael John Clarke,Right hand Bat,Slow Left arm Orthodox
C Nanda,Chetanya Nanda,Right hand Bat,Legbreak
BA Bhatt,Bhargav Ashok Bhatt,Left hand Bat,Slow Left arm Orthodox
HH Gibbs,Herschelle Herman Gibbs,Right hand Bat,Right arm Bowler
GC Smith,Graeme Craig Smith,Left hand Bat,Right arm Offbreak
CM Gautam,Chidhambaram Muralidharen Gautam,Right hand Bat, 
KS Williamson,Kane Stuart Williamson,Right hand Bat,Right arm Offbreak
R Powell,Rovman Powell,Right hand Bat,Right arm Medium fast
AD Russell,Andre Dwayne Russell,Right hand Bat,Right arm Fast
Abdul Samad,Abdul Samad Farooq,Right hand Bat,Legbreak
TH David,Timothy Hays David,Right hand Bat,Right arm Offbreak
LR Shukla,Laxmi Ratan Shukla,Right hand Bat,Right arm Medium
JO Holder,Jason Omar Holder,Right hand Bat,Right arm Medium fast
AM Salvi,Aavishkar Madhav Salvi,Right hand Bat,Right arm Medium
OA Shah,Owais Alam Shah,Right hand Bat,Right arm Offbreak
DT Christian,Daniel Trevor Christian,Right hand Bat,Right arm Fast medium
Parvez Rasool,Parvez Ghulam Rasool Zargar,Right hand Bat,Right arm Offbreak
AP Majumdar,Anustup Prabir Majumdar,Right hand Bat,Legbreak Googly
G Gambhir,Gautam Gambhir,Left hand Bat,Legbreak
MK Tiwary,Manoj Kumar Tiwary,Right hand Bat,Legbreak Googly
JD Unadkat,Jaydev Dipakbhai Unadkat,Right hand Bat,Left arm Medium
R Sai Kishore,Ravisrinivasan Sai Kishore,Left hand Bat,Slow Left arm Orthodox
Anand Rajan,Anand Rajan,Right hand Bat,Right arm Medium
V Pratap Singh,Veer Pratap Singh,Right hand Bat,Right arm Medium
YV Takawale,Yogesh Vijay Takawale,Right hand Bat, 
LS Livingstone,Liam Stephen Livingstone,Right hand Bat,"Right arm Offbreak, Legbreak"
M Vohra,Manan Vohra,Right hand Bat,Right arm Medium
RK Bhui,Ricky Kannakumar Bhui,Right hand Bat,Legbreak Googly
Mujeeb Ur Rahman,Mujeeb Ur Rahman,Right hand Bat,Right arm Offbreak
RA Bawa,Raj Angad Bawa,Left hand Bat,Right arm Medium fast
F Behardien,Farhaan Behardien,Right hand Bat,Right arm Fast medium
MJ Santner,Mitchell Josef Santner,Left hand Bat,Slow Left arm Orthodox
A Nel,Andre Nel,Right hand Bat,Right arm Fast medium
LE Plunkett,Liam Edward Plunkett,Right hand Bat,Right arm Fast
AK Markram,Aiden Kyle Markram,Right hand Bat,Right arm Offbreak
NB Singh,Nathu Bharat Singh,Right hand Bat,Right arm Medium
A Symonds,Andrew Symonds,Right hand Bat,"Right arm Medium, Right arm Offbreak"
CRD Fernando,Congenige Randhi Dilhara Fernando,Right hand Bat,Right arm Fast medium
UT Yadav,Umeshkumar Tilak Yadav,Right hand Bat,Right arm Fast
Akash Deep,Akash Deep,Right hand Bat,Right arm Fast medium
NL McCullum,Nathan Leslie McCullum,Right hand Bat,Right arm Offbreak
RA Jadeja,Ravindrasinh Anirudhsinh Jadeja,Left hand Bat,Slow Left arm Orthodox
GC Viljoen,GC Viljoen,Right hand Bat,Right arm Fast
CR Woakes,Christopher Roger Woakes,Right hand Bat,Right arm Fast medium
HR Shokeen,Hrithik Rakesh Shokeen,Right hand Bat,Right arm Offbreak
R Bhatia,Rajat Bhatia,Right hand Bat,Right arm Medium fast
R Ninan,Ryan Ninan,Right hand Bat,Right arm Offbreak
Harmeet Singh,Harmeet Singh Bansal,Right hand Bat,Right arm Medium
N Saini,Nitin Saini,Right hand Bat, 
KS Bharat,Kona Srikar Bharat,Right hand Bat, 
Atharva Taide,Atharva Taide,Left hand Bat,Slow Left arm Orthodox
Vivrant Sharma,Vivrant Sharma,Left hand Bat,Legbreak Googly
Yash Dayal,Yash Dayal,Right hand Bat,Left arm Medium fast
Karanveer Singh,Karanveer Singh,Right hand Bat,Legbreak Googly
Tilak Varma,Namboori Thakur Tilak Varma,Left hand Bat,Right arm Offbreak
JL Denly,Joseph Liam Denly,Right hand Bat,Legbreak
T Natarajan,Thangarasu Natarajan,Left hand Bat,Left arm Medium
SS Tiwary,Saurabh Sunil Tiwary,Left hand Bat, 
KMDN Kulasekara,Kulasekara Mudiyanselage Dinesh Nuwan Kulasekara,Right hand Bat,Right arm Fast medium
AN Ahmed,Abu Nechim Ahmed,Right hand Bat,Right arm Medium fast
HC Brook,Harry Cherrington Brook,Right hand Bat,Right arm Medium
M Klinger,Michael Klinger,Right hand Bat, 
C Madan,Chandan Madan,Right hand Bat, 
A Choudhary,Aniket Vinod Choudhary,Right hand Bat,Left arm Medium
I Malhotra,Ishan Malhotra,Right hand Bat,Right arm Medium fast
MG Bracewell,Michael Gordon Bracewell,Left hand Bat,Right arm Offbreak
RD Gaikwad,Ruturaj Dashrat Gaikwad,Right hand Bat,Right arm Offbreak
RS Bopara,Ravinder Singh Bopara,Right hand Bat,Right arm Medium
Shoaib Malik,Shoaib Malik,Right hand Bat,Right arm Offbreak
D Jansen,Duan Jansen,Right hand Bat,Left arm Fast
MA Wood,Mark Andrew Wood,Right hand Bat,Right arm Fast
PV Tambe,Pravin Vijay Tambe,Right hand Bat,Legbreak
DNT Zoysa,Demuni Nuwan Tharanga Zoysa,Left hand Bat,Left arm Fast medium
SC Ganguly,Sourav Chandidas Ganguly,Left hand Bat,Right arm Medium
AB Agarkar,Ajit Bhalchandra Agarkar,Right hand Bat,Right arm Fast
YS Chahal,Yuzvendra Singh Chahal,Right hand Bat,Legbreak Googly
KA Jamieson,Kyle Alex Jamieson,Right hand Bat,Right arm Fast medium
SK Raina,Suresh Kumar Raina,Left hand Bat,Right arm Offbreak
SB Styris,Scott Bernard Styris,Right hand Bat,Right arm Medium
Mohammad Asif,Mohammad Asif,Left hand Bat,Right arm Fast medium
Washington Sundar,Washington Sundar,Left hand Bat,Right arm Offbreak
RE van der Merwe,Roelof Erasmus van der Merwe,Right hand Bat,Slow Left arm Orthodox
MD Mishra,Mohnish Dinesh Mishra,Right hand Bat,Right arm Offbreak
Naveen-ul-Haq,Naveen-ul-Haq Murid,Right hand Bat,Right arm Medium fast
JE Taylor,Jerome Everton Taylor,Right hand Bat,Right arm Fast
KM Jadhav,Kedar Mahadav Jadhav,Right hand Bat,Right arm Offbreak
KP Pietersen,Kevin Peter Pietersen,Right hand Bat,Right arm Offbreak
BA Stokes,Benjamin Andrew Stokes,Left hand Bat,Right arm Fast medium
R Vinay Kumar,Ranganath Vinay Kumar,Right hand Bat,Right arm Medium
RJ Peterson,Robin John Peterson,Left hand Bat,Slow Left arm Orthodox
PA Reddy,Produturi Akshath Reddy,Right hand Bat,Legbreak
Shashank Singh,Shashank Singh,Right hand Bat,"Right arm Medium, Right arm Offbreak"
RV Uthappa,Robin Venu Uthappa,Right hand Bat,Right arm Medium
MK Lomror,Mahipal Krishan Lomror,Left hand Bat,Slow Left arm Orthodox
W Jaffer,Wasim Jaffer,Right hand Bat,Right arm Offbreak
KA Pollard,Kieron Adrian Pollard,Right hand Bat,Right arm Medium
A Manohar,Abhinav Manohar,Right hand Bat,Legbreak Googly
CA Pujara,Cheteshwar Arvind Pujara,Right hand Bat,Legbreak
AS Joseph,Alzarri Shaheim Joseph,Right hand Bat,Right arm Fast
Fazalhaq Farooqi,Fazalhaq Farooqi,Right hand Bat,Left arm Fast medium
A Nortje,Anrich Arno Nortje,Right hand Bat,Right arm Fast
T Shamsi,Tabraiz Shamsi,Right hand Bat,Left arm Wrist spin
SE Marsh,Shaun Edward Marsh,Left hand Bat,Slow Left arm Orthodox
A Uniyal,Amit Uniyal,Left hand Bat,Left arm Medium
P Simran Singh,Prabhsimran Singh,Right hand Bat, 
KR Sen,Kuldeep Rampal Sen,Right hand Bat,Right arm Fast
Joginder Sharma,Joginder Sharma,Right hand Bat,Right arm Fast medium
PD Salt,Philip Dean Salt,Right hand Bat,Right arm Offbreak
Sachin Baby,Sachin Baby,Left hand Bat,Right arm Offbreak
D Brevis,Dewald Brevis,Right hand Bat,Legbreak
SE Rutherford,Sherfane Eviston Rutherford,Left hand Bat,Right arm Fast medium
M Jansen,Marco Jansen,Right hand Bat,Left arm Medium fast
FH Edwards,Fidel Henderson Edwards,Right hand Bat,Right arm Fast
MC Henriques,Moises Constantino Henriques,Right hand Bat,Right arm Fast medium
BJ Hodge,Bradley John Hodge,Right hand Bat,Right arm Offbreak
T Henderson,Tyron Henderson,Right hand Bat,Right arm Fast medium
GR Napier,Graham Richard Napier,Right hand Bat,Right arm Medium
CK Langeveldt,Charl Kenneth Langeveldt,Right hand Bat,Right arm Fast medium
PA Patel,Parthiv Ajay Patel,Left hand Bat,Right arm Offbreak
J Yadav,Jayant Yadav,Right hand Bat,Right arm Offbreak
FA Allen,Fabian Anthony Allen,Right hand Bat,Slow Left arm Orthodox
A Dananjaya,Mahamarakkala Kurukulasooriya Patabendige Akila Dananjaya Perera,Left hand Bat,"Right arm Offbreak, Legbreak"
Azhar Mahmood,Azhar Mahmood Sagar,Right hand Bat,Right arm Fast medium
S Chanderpaul,Shivnarine Chanderpaul,Left hand Bat,Legbreak
Noor Ahmad,Noor Ahmad Lakanwal,Right hand Bat,Left arm Wrist spin
AR Patel,Axar Rajeshbhai Patel,Left hand Bat,Slow Left arm Orthodox
B Akhil,Balachandra Akhil,Right hand Bat,Right arm Medium fast
V Shankar,Vijay Shankar,Right hand Bat,Right arm Medium
J Botha,Johan Botha,Right hand Bat,Right arm Offbreak
Anuj Rawat,Anuj Rawat,Left hand Bat, 
Mohammad Ashraful,Mohammad Ashraful,Right hand Bat,"Right arm Offbreak, Legbreak"
Kuldeep Yadav,Kuldeep Yadav,Left hand Bat,Left arm Wrist spin
S Kaul,Siddarth Kaul,Right hand Bat,Right arm Medium
Abishek Porel,Abishek Porel,Left hand Bat, 
MJ Henry,Matthew James Henry,Right hand Bat,Right arm Fast medium
TL Seifert,Tim Louis Seifert,Right hand Bat, 
Kamran Khan,Kamran Khan,Left hand Bat,Left arm Medium fast
AB Barath,Adrian Boris Barath,Right hand Bat,Right arm Offbreak
Salman Butt,Salman Butt,Left hand Bat,Right arm Offbreak
MC Juneja,Manprit Charanjit Juneja,Right hand Bat,Right arm Offbreak
T Kohli,Taruwar Sushil Kohli,Right hand Bat,Right arm Medium
TU Deshpande,Tushar Uday Deshpande,Left hand Bat,Right arm Medium
M Theekshana,Morawakage Maheesh Theekshana,Right hand Bat,Right arm Offbreak
Shubman Gill,Shubman Gill,Right hand Bat,Right arm Offbreak
V Sehwag,Virender Sehwag,Right hand Bat,Right arm Offbreak
U Kaul,Uday Kaul,Left hand Bat, 
Shivam Sharma,Shivam Sharma,Right hand Bat,Right arm Offbreak
NJ Maddinson,Nicolas James Maddinson,Left hand Bat,Slow Left arm Orthodox
JC Archer,Jofra Chioke Archer,Right hand Bat,Right arm Fast
Abdul Basith,Pappanayil Abdul Basith,Right hand Bat,Right arm Offbreak
DJ Thornely,Dominic John Thornely,Right hand Bat,"Right arm Medium, Right arm Offbreak"
Nithish Kumar Reddy,Kaki Nitish Kumar Reddy,Right hand Bat,Right arm Medium fast
PP Ojha,Pragyan Prayash Ojha,Left hand Bat,Slow Left arm Orthodox
S Tyagi,Sudeep Tyagi,Right hand Bat,Right arm Medium
RM Patidar,Rajat Manohar Patidar,Right hand Bat,Right arm Offbreak
KC Sangakkara,Kumar Chokshanada Sangakkara,Left hand Bat,Right arm Offbreak
DR Shorey,Dhruv Ranjan Shorey,Right hand Bat,Right arm Offbreak
UBT Chand,Unmukt Bharat Thakur Chand,Right hand Bat,Right arm Offbreak
M Kartik,Murali Kartik,Left hand Bat,Slow Left arm Orthodox
JDS Neesham,James Douglas Sheahan Neesham,Left hand Bat,Right arm Medium fast
CL White,Cameron Leon White,Right hand Bat,Legbreak Googly
Navdeep Saini,Navdeep Amarjeet Saini,Right hand Bat,Right arm Fast
PP Chawla,Piyush Pramod Chawla,Left hand Bat,Legbreak
M Ntini,Makhaya Ntini,Right hand Bat,Right arm Fast
ER Dwivedi,Eklavya Rakesh Dwivedi,Right hand Bat, 
BJ Haddin,Bradley James Haddin,Right hand Bat, 
DJ Willey,David Jonathan Willey,Left hand Bat,Left arm Fast medium
Shahid Afridi,Sahibzada Mohammad Shahid Khan Afridi,Right hand Bat,Legbreak Googly
HH Pandya,Hardik Himanshu Pandya,Right hand Bat,Right arm Medium fast
ML Hayden,Matthew Lawrence Hayden,Left hand Bat,Right arm Medium
M Rawat,Mahesh Rawat,Right hand Bat, 
CK Kapugedera,Chamara Kantha Kapugedera,Right hand Bat,Right arm Medium
Umar Gul,Umar Gul,Right hand Bat,Right arm Fast medium
SPD Smith,Steven Peter Devereux Smith,Right hand Bat,Legbreak Googly
Mustafizur Rahman,Mustafizur Rahman,Left hand Bat,Left arm Fast medium
Suyash Sharma,Suyash Sharma,Right hand Bat,Legbreak Googly
SP Jackson,Sheldon Philip Jackson,Right hand Bat, 
SS Agarwal,Shubham Sanjay Agarwal,Right hand Bat,Legbreak Googly
PP Shaw,Prithvi Pankaj Shaw,Right hand Bat,Right arm Offbreak
Y Venugopal Rao,Yalaka Venugopal Rao,Right hand Bat,Right arm Offbreak
Gurnoor Brar,Gurnoor Brar,Left hand Bat,Right arm Fast
NV Ojha,Naman Vinaykumar Ojha,Right hand Bat, 
KL Rahul,Kannaur Lokesh Rahul,Right hand Bat, 
P Kumar,Praveenkumar Sakat Singh,Right hand Bat,Right arm Medium
RE Levi,Richard Ernst Levi,Right hand Bat,Right arm Medium
S Kaushik,Shivil Kaushik,Right hand Bat,Left arm Wrist spin
JJ Bumrah,Jasprit Jasbirsingh Bumrah,Right hand Bat,Right arm Fast
NM Coulter-Nile,Nathan Mitchell Coulter-Nile,Right hand Bat,Right arm Fast
LA Pomersbach,Luke Anthony Pomersbach,Left hand Bat,Right arm Offbreak
Mandeep Singh,Mandeep Singh,Right hand Bat,Right arm Medium
R McLaren,Ryan McLaren,Left hand Bat,Right arm Medium fast
BB McCullum,Brendon Barrie McCullum,Right hand Bat,"Right arm Medium, Right arm Offbreak"
S Anirudha,Srikkanth Anirudha,Right hand Bat, 
ND Doshi,Nayan Dilip Doshi,Right hand Bat,Slow Left arm Orthodox
DL Chahar,Deepak Lokandersingh Chahar,Right hand Bat,Right arm Medium
Umran Malik,Umran Malik,Right hand Bat,Right arm Fast
K Khejroliya,Kulwant Khejroliya,Left hand Bat,Left arm Medium fast
P Amarnath,Palani Amarnath,Right hand Bat,Right arm Medium
RJ Quiney,Robert John Quiney,Left hand Bat,Right arm Medium
SM Katich,Simon Mathew Katich,Left hand Bat,Left arm Wrist spin
M Morkel,Morne Morkel,Left hand Bat,Right arm Fast
RG More,Ronit Gajanan More,Right hand Bat,Right arm Medium
M de Lange,Marchant de Lange,Right hand Bat,Right arm Fast
MJ McClenaghan,Mitchell John McClenaghan,Left hand Bat,Left arm Fast medium
N Wadhera,Nehal Wadhera,Left hand Bat,Legbreak
RR Sarwan,Ramnaresh Ronnie Sarwan,Right hand Bat,Legbreak
AD Mathews,Angelo Davis Mathews,Right hand Bat,Right arm Medium
Simarjeet Singh,Simarjeet Singh,Right hand Bat,Right arm Medium fast
KS Sharma,Karan Sunny Sharma,Right hand Bat,Right arm Offbreak
N Rana,Nitish Rana,Left hand Bat,"Right arm Medium, Right arm Offbreak, Legbreak"
WA Mota,Wilkin Arvind Mota,Right hand Bat,Right arm Medium
YA Abdulla,Yusuf Adam Abdulla,Left hand Bat,Left arm Fast medium
MA Khote,Musavir Asmat Khote,Right hand Bat,Right arm Medium
RJW Topley,Reece James William Topley,Right hand Bat,Left arm Fast medium
PBB Rajapaksa,Pramod Bhanuka Bandara Rajapaksa,Left hand Bat,Right arm Medium
MS Gony,Manpreet Singh Gony,Right hand Bat,Right arm Medium
TM Dilshan,Tillakaratne Mudiyanselage Dilshan,Right hand Bat,Right arm Offbreak
Mohammed Siraj,Mohammed Siraj,Right hand Bat,Right arm Fast
A Chandila,Ajit  Chandila,Right hand Bat,Right arm Offbreak
Yash Thakur,Yash Ravisingh Thakur,Right hand Bat,Right arm Fast medium
P Parameswaran,Prasanth Parameswaran,Right hand Bat,Left arm Medium
SE Bond,Shane Edward Bond,Right hand Bat,Right arm Fast
Avesh Khan,Avesh Khan,Right hand Bat,Right arm Fast medium
SM Harwood,Shane Michael Harwood,Right hand Bat,Right arm Fast medium
KP Appanna,Kotarangada Prabhu Appanna,Right hand Bat,Slow Left arm Orthodox
MN van Wyk,Morne Nico van Wyk,Right hand Bat,Slow Left arm Orthodox
SS Shaikh,Shoaib Shabbir Shaikh,Right hand Bat,Right arm Medium
JJ Roy,Jason Jonathan Roy,Right hand Bat, 
DM Bravo,Darren Michael Bravo,Left hand Bat,Right arm Medium
AC Thomas,Alfonso Clive Thomas,Right hand Bat,Right arm Fast medium
CH Gayle,Christopher Henry Gayle,Left hand Bat,Right arm Offbreak
HF Gurney,Harry Frederick Gurney,Right hand Bat,Left arm Fast medium
P Prasanth,Padmanabhan Prasanth,Left hand Bat,Slow Left arm Orthodox
JH Kallis,Jacques Henry Kallis,Right hand Bat,Right arm Fast medium
SP Goswami,Shreevats Pratyush Goswami,Left hand Bat, 
PD Collingwood,Paul David Collingwood,Right hand Bat,Right arm Medium
JA Morkel,Johannes Albertus Morkel,Left hand Bat,Right arm Medium fast
S Sreesanth,Shanthakumaran Sreesanth,Right hand Bat,Right arm Fast medium
NT Ellis,Nathan Ellis,Right hand Bat,Right arm Fast medium
AL Menaria,Ashok Lakshminarayan Menaria,Left hand Bat,Slow Left arm Orthodox
MM Ali,Moeen Munir Ali,Left hand Bat,Right arm Offbreak
HE van der Dussen,Hendrik Erasmus van der Dussen,Right hand Bat,Legbreak
JPR Scantlebury-Searles,Javon Philip Ramon Scantlebury-Searles,Right hand Bat,Right arm Fast medium
AB Dinda,Ashok Bhimchandra Dinda,Right hand Bat,Right arm Medium fast
K Upadhyay,Krishnakant Upadhyay,Right hand Bat,Right arm Medium
X Thalaivan Sargunam,Xavier Thalaivan Sargunam,Right hand Bat,Right arm Offbreak
B Geeves,Brett Geeves,Right hand Bat,Right arm Fast medium
CA Ingram,Colin Alexander Ingram,Left hand Bat,Legbreak
Mukesh Choudhary,Mukesh Choudhary,Left hand Bat,Left arm Medium
KM Asif,KM Asif,Right hand Bat,Right arm Medium
SD Lad,Siddhesh Dinesh Lad,Right hand Bat,Right arm Offbreak
N Pooran,Nicholas Pooran,Left hand Bat,Right arm Offbreak
AP Dole,Aditya Pradip Dole,Right hand Bat,Right arm Medium fast
Mohit Rathee,Mohit Rathee,Right hand Bat,Legbreak
Lalit Yadav,Lalit Yadav,Right hand Bat,Right arm Offbreak
A Flintoff,Andrew Flintoff,Right hand Bat,Right arm Fast medium
DR Smith,Dwayne Romel Smith,Right hand Bat,Right arm Medium
J Little,Joshua Brian Little,Right hand Bat,Left arm Fast medium
R Ashwin,Ravichandran Ashwin,Right hand Bat,Right arm Offbreak
Mayank Dagar,Mayank J Dagar,Right hand Bat,Slow Left arm Orthodox
MD Shanaka,Madagamagamage Dasun Shanaka,Right hand Bat,Right arm Medium
Shakib Al Hasan,Shakib Al Hasan,Left hand Bat,Slow Left arm Orthodox
Jaskaran Singh,Jaskaran Singh Buttar,Right hand Bat,Right arm Medium
MG Neser,Michael Gertges Neser,Right hand Bat,Right arm Medium fast
AG Murtaza,Ali Ghulam Murtaza,Left hand Bat,Slow Left arm Orthodox
DB Ravi Teja,Dwaraka Bhamidipati Ravi Teja,Right hand Bat,Legbreak Googly
S Dhawan,Shikhar Dhawan,Left hand Bat,Right arm Offbreak
SC Kuggeleijn,Scott Christopher Kuggeleijn,Right hand Bat,Right arm Fast medium
M Pathirana,Matheesha Pathirana,Right hand Bat,Right arm Fast
K Gowtham,Krishnappa Gowtham,Right hand Bat,Right arm Offbreak
P Negi,Pawan Negi,Left hand Bat,Slow Left arm Orthodox
F du Plessis,Francois du Plessis,Right hand Bat,Legbreak
R Goyal,Raghav Goyal,Left hand Bat,Left arm Wrist spin
S Dube,Shivam Dube,Left hand Bat,Right arm Medium
DA Miller,David Andrew Miller,Left hand Bat,Right arm Offbreak
DPMD Jayawardene,Denagamage Proboth Mahela de Silva Jayawardene,Right hand Bat,Right arm Medium
S Sandeep Warrier,Sankarankutty Sandeep Warrier,Right hand Bat,Right arm Medium
T Stubbs,Tristan Stubbs,Right hand Bat,Right arm Offbreak
H Das,Halhadar Das,Right hand Bat, 
YK Pathan,Yusuf Khan Pathan,Right hand Bat,Right arm Offbreak
GJ Maxwell,Glenn James Maxwell,Right hand Bat,Right arm Offbreak
Arshad Khan (2),Mohd Arshad Khan,Left hand Bat,Left arm Medium
DJ Hooda,Deepak Jagbir Hooda,Right hand Bat,Right arm Offbreak
P Ray Barman,Prayas Ray Barman,Right hand Bat,Legbreak Googly
S Midhun,Sudhesan Midhun,Right hand Bat,Legbreak Googly
MG Johnson,Mitchell Guy Johnson,Left hand Bat,Left arm Fast
AA Chavan,Ankeet Anil Chavan,Left hand Bat,Slow Left arm Orthodox
AS Rajpoot,Ankit Singh Rajpoot,Right hand Bat,Right arm Medium
STR Binny,Stuart Terence Roger Binny,Right hand Bat,Right arm Medium
WD Parnell,Wayne Dillon Parnell,Left hand Bat,Left arm Medium fast
CJ Dala,Carl Junior Dala,Right hand Bat,Right arm Medium
Yashpal Singh,Yashpal Singh,Right hand Bat,Right arm Medium
UA Birla,Udit Alok Birla,Right hand Bat,Right arm Medium
IS Sodhi,Inderbir Singh Sodhi,Right hand Bat,Legbreak
Rasikh Salam,Rasikh Salam Dar,Right hand Bat,Right arm Medium
DJM Short,D'Arcy John Matthew Short,Left hand Bat,Left arm Wrist spin
TM Head,Travis Michael Head,Left hand Bat,Right arm Offbreak
Mohammad Nabi,Mohammad Nabi,Right hand Bat,Right arm Offbreak
Iqbal Abdulla,Sayed Iqbal Abdulla,Left hand Bat,Slow Left arm Orthodox
A Mithun,Abhimanyu Mithun,Right hand Bat,Right arm Medium
JD Ryder,Jesse Daniel Ryder,Left hand Bat,Right arm Medium
PVD Chameera,Pathira Vasan Dushmantha Chameera,Right hand Bat,Right arm Fast
C de Grandhomme,Colin de Grandhomme,Right hand Bat,Right arm Medium fast
PK Garg,Priyam K Garg,Right hand Bat,Right arm Medium
Yuvraj Singh,Yuvraj Singh,Left hand Bat,Slow Left arm Orthodox
AC Voges,Adam Charles Voges,Right hand Bat,Slow Left arm Orthodox
IK Pathan,Irfan Khan Pathan,Left hand Bat,Left arm Medium fast
Dhruv Jurel,Dhruv Chand Jurel,Right hand Bat, 
Gurkeerat Singh,Gurkeerat Rupinder Singh,Right hand Bat,Right arm Offbreak
YV Dhull,Yash Vijay Dhull,Right hand Bat,Right arm Offbreak
M Vijay,Murali Vijay,Right hand Bat,Right arm Offbreak
SM Curran,Samuel Matthew Curran,Left hand Bat,Left arm Medium fast
Swapnil Singh,Swapnil Singh,Right hand Bat,Slow Left arm Orthodox
RR Powar,Ramesh Rajaram Powar,Right hand Bat,Right arm Offbreak
K Goel,Karan Goel,Left hand Bat,Right arm Offbreak
S Vidyut,Vidyut Sivaramakrishnan,Left hand Bat,Slow Left arm Orthodox
BB Sran,Barinder Balbirsingh Sran,Left hand Bat,Left arm Medium
AD Nath,Akshdeep Deependra Nath,Right hand Bat,Right arm Medium fast
GB Hogg,George Bradley Hogg,Left hand Bat,Left arm Wrist spin
MJ Guptill,Martin James Guptill,Right hand Bat,Right arm Offbreak
SMSM Senanayake,Senanayake Mudiyanselage Sachithra Madhushanka Senanayake,Right hand Bat,Right arm Offbreak
C Munro,Colin Munro,Left hand Bat,Right arm Medium fast
SL Malinga,Separamadu Lasith Malinga,Right hand Bat,Right arm Fast
JP Faulkner,James Peter Faulkner,Right hand Bat,Left arm Fast medium
CH Morris,Christopher Henry Morris,Right hand Bat,Right arm Fast medium
LH Ferguson,Lachlan Hammond Ferguson,Right hand Bat,Right arm Fast
JEC Franklin,James Edward Charles Franklin,Left hand Bat,Left arm Medium
AA Jhunjhunwala,Abhishek Arunkumar Jhunjhunwala,Right hand Bat,Right arm Offbreak
KB Arun Karthik,Konda Bhaskir Arun Karthik,Right hand Bat,Legbreak Googly
Harpreet Singh,Harpreet Singh Bhatia,Left hand Bat,Right arm Medium
HV Patel,Harshal Vikram Patel,Right hand Bat,Right arm Medium
Aman Hakim Khan,Aman Hakim Khan,Right hand Bat,Right arm Medium
Gagandeep Singh,Gagandeep Singh,Right hand Bat,Right arm Medium fast
AN Ghosh,Arindam Nanigopal Ghosh,Right hand Bat,Right arm Medium
FY Fazal,Faiz Yakub Fazal,Left hand Bat,Right arm Medium
RK Singh,Rinku Khanchand Singh,Left hand Bat,Right arm Offbreak
VR Aaron,Varun Raymond Aaron,Right hand Bat,Right arm Fast
SV Samson,Sanju Viswanath Samson,Right hand Bat, 
S Gopal,Shreyas Gopal,Right hand Bat,Legbreak
RR Raje,Rohan Ravindra Raje,Right hand Bat,Right arm Fast medium
MS Wade,Matthew Scott Wade,Left hand Bat,Right arm Medium
KC Cariappa,Konganda Charamanna Cariappa,Right hand Bat,Legbreak
S Rana,Sachin Rana,Right hand Bat,Right arm Medium fast
SSB Magala,Sisanda Somila Bruce Magala,Right hand Bat,Right arm Fast medium
DJ Harris,Daniel Joseph Harris,Right hand Bat,Right arm Medium
TM Srivastava,Tanmay Manoj Srivastava,Left hand Bat,Right arm Medium
B Sumanth,Bodapati Apparao Sumanth,Right hand Bat,Right arm Medium fast
Q de Kock,Quinton de Kock,Left hand Bat, 
Pankaj Singh,Pankaj Singh,Right hand Bat,Right arm Medium fast
SS Sarkar,Sourav Subrata Sarkar,Right hand Bat,Right arm Medium
Basil Thampi,Basil Thampi,Right hand Bat,Right arm Fast medium
RN ten Doeschate,Ryan Neil ten Doeschate,Right hand Bat,Right arm Medium fast
Y Prithvi Raj,Prithvi Raj Yarra,Left hand Bat,Left arm Medium
S Aravind,Sreenath Aravind,Left hand Bat,Left arm Medium fast
Akash Singh,Akash Maharaj Singh,Right hand Bat,Left arm Medium fast
PH Solanki,Prashant Hitesh Solanki,Right hand Bat,Legbreak
J Arunkumar,Jagadeesh Arunkumar,Right hand Bat,Right arm Offbreak
S Badree,Samuel Badree,Right hand Bat,Legbreak
AB de Villiers,Abraham Benjamin de Villiers,Right hand Bat,Right arm Medium
M Markande,Mayank Markande,Right hand Bat,Legbreak
AR Bawne,Ankit Ramdas Bawne,Right hand Bat,Right arm Offbreak
Shahbaz Ahmed,Shahbaz Ahmed,Left hand Bat,Slow Left arm Orthodox
JP Duminy,Jean-Paul Duminy,Left hand Bat,Right arm Offbreak
L Balaji,Lakshmipathy Balaji,Right hand Bat,Right arm Medium fast
DE Bollinger,Douglas Erwin Bollinger,Left hand Bat,Left arm Fast medium
CJ Green,Christopher James Green,Right hand Bat,Right arm Offbreak
R Shukla,Rahul Shukla,Right hand Bat,Right arm Medium
SJ Srivastava,Shalabh Jagdishprasad Srivastava,Right hand Bat,Left arm Fast medium
Ravi Bishnoi,Ravi Bishnoi,Right hand Bat,Legbreak Googly
S Badrinath,Subramaniam Badrinath,Right hand Bat,Right arm Offbreak
B Sai Sudharsan,Bhardwaj Sai Sudharsan,Left hand Bat,Legbreak
S Ladda,Sarabjit Ladda,Right hand Bat,Legbreak
KL Nagarkoti,Kamlesh Lachham Nagarkoti,Right hand Bat,Right arm Fast
KV Sharma,Karn Vinod Sharma,Left hand Bat,Legbreak Googly
VY Mahesh,Vijaykumar Yo Mahesh,Right hand Bat,Right arm Medium fast
KW Richardson,Kane William Richardson,Right hand Bat,Right arm Fast medium
R Sanjay Yadav,Ramsingh  Sanjay Yadav,Left hand Bat,Slow Left arm Orthodox
DH Yagnik,Dishant Harendra Yagnik,Left hand Bat, 
Vishnu Vinod,Vishnu Vinod,Right hand Bat, 
AB McDonald,Andrew Barry McDonald,Right hand Bat,Right arm Fast medium
DR Sams,Daniel Richard Sams,Right hand Bat,Left arm Fast medium
DP Nannes,Dirk Peter Nannes,Right hand Bat,Left arm Fast
A Singh,Amit Singh,Right hand Bat,Right arm Medium fast
PJ Cummins,Patrick James Cummins,Right hand Bat,Right arm Fast
V Kohli,Virat Kohli,Right hand Bat,Right arm Medium
DJ Mitchell,Daryl Joseph Mitchell,Right hand Bat,Right arm Medium
SB Wagh,Shrikant Bhaskar Wagh,Left hand Bat,Left arm Medium fast
AJ Finch,Aaron James Finch,Right hand Bat,Slow Left arm Orthodox
MM Sharma,Mohit Mahipal Sharma,Right hand Bat,Right arm Medium
I Udana,Isuru Udana Tillakaratna,Right hand Bat,Left arm Medium fast
PWH de Silva,Pinnaduwage Wanindu Hasaranga de Silva,Right hand Bat,Legbreak
NJ Rimmington,Nathan John Rimmington,Right hand Bat,Right arm Fast medium
M Muralitharan,Muthiah Muralidaran,Right hand Bat,Right arm Offbreak
A Kumble,Anil Kumble,Right hand Bat,Legbreak Googly
C Sakariya,Chetan Sakariya,Left hand Bat,Left arm Medium fast
M Ashwin,Murugan Ashwin,Right hand Bat,Legbreak Googly
KH Pandya,Krunal Himanshu Pandya,Left hand Bat,Slow Left arm Orthodox
S Lamichhane,Sandeep Lamichhane,Right hand Bat,Legbreak Googly
TP Sudhindra,Taduri Prakash Chandra Sudhindra,Left hand Bat,Right arm Fast
AM Nayar,Abhishek Mohan Nayar,Left hand Bat,Right arm Medium
A Nehra,Ashish Nehra,Right hand Bat,Left arm Medium fast
Mohammad Hafeez,Mohammad Hafeez,Right hand Bat,Right arm Offbreak
AF Milne,Adam Fraser Milne,Right hand Bat,Right arm Fast
S Sohal,Sunny Sohal,Right hand Bat,Legbreak
DR Martyn,Damien Richard Martyn,Right hand Bat,Right arm Medium
KK Nair,Karun Nair,Right hand Bat,Right arm Offbreak
MS Bisla,Manvinder Sultansingh Bisla,Right hand Bat, 
D Wiese,David Wiese,Right hand Bat,Right arm Medium fast
T Thushara,Magina Thilan Thushara Mirando,Left hand Bat,Left arm Fast medium
GH Vihari,Gade Hanuma Vihari,Right hand Bat,Right arm Offbreak
JM Sharma,Jitesh Mohan Sharma,Right hand Bat, 
JDP Oram,Jacob David Philip Oram,Left hand Bat,Right arm Fast medium
RR Rossouw,Rilee Roscoe Rossouw,Left hand Bat,Right arm Offbreak
MA Agarwal,Mayank Anurag Agarwal,Right hand Bat,Right arm Offbreak
S Randiv,Hewa Kaluhalamullage Suraj Randiv Kaluhalamulla,Right hand Bat,Right arm Offbreak
B Kumar,Bhuvneshwar Kumar Singh,Right hand Bat,Right arm Medium
Harbhajan Singh,Harbhajan Singh,Right hand Bat,Right arm Offbreak
JL Pattinson,James Lee Pattinson,Left hand Bat,Right arm Fast medium
LRPL Taylor,Luteru Ross Poutoa Lote Taylor,Right hand Bat,Right arm Offbreak
DT Patil,Devraj Thyagaraj Patil,Right hand Bat, 
JR Hazlewood,Josh Reginald Hazlewood,Left hand Bat,Right arm Fast medium
SB Bangar,Sanjay Bapusaheb Bangar,Right hand Bat,Right arm Medium fast
UT Khawaja,Usman Tariq Khawaja,Left hand Bat,Right arm Medium
TS Mills,Tymal Solomon Mills,Right hand Bat,Left arm Fast
Ishan Kishan,Ishan Pranav Kumar Pandey Kishan,Left hand Bat, 
MV Boucher,Mark Verdon Boucher,Right hand Bat,Right arm Medium
PM Sarvesh Kumar,PM Sarvesh Kumar,Right hand Bat,Right arm Medium
LMP Simmons,Lendl Mark Platter Simmons,Right hand Bat,Right arm Medium fast
PC Valthaty,Paul Chandrashekar Valthaty,Right hand Bat,Right arm Medium
D Kalyankrishna,Doddapaneni Kalyankrishna,Right hand Bat,Right arm Medium fast
Harpreet Brar,Harpreet Brar,Left hand Bat,Slow Left arm Orthodox
Sohail Tanvir,Sohail Tanvir,Left hand Bat,Left arm Medium fast
SP Narine,Sunil Philip Narine,Left hand Bat,Right arm Offbreak
VVS Laxman,Vangipurappu Venkata Sai Laxman,Right hand Bat,Right arm Offbreak
JE Root,Joseph Edward Root,Right hand Bat,"Right arm Offbreak, Legbreak"
JJ van der Wath,Johannes Jacobus van der Wath,Right hand Bat,Right arm Medium fast
Shoaib Ahmed,Syed Mohammad Shoaib Ahmed,Right hand Bat,Right arm Fast medium
P Awana,Parvinder Awana,Right hand Bat,Right arm Medium
ST Jayasuriya,Sanath Teran Jayasuriya,Left hand Bat,Slow Left arm Orthodox
GD Phillips,Glenn Dominic Phillips,Right hand Bat,Right arm Offbreak
PR Shah,Pinal Rohitbhai Shah,Right hand Bat, 
BR Dunk,Ben Robert Dunk,Left hand Bat,Right arm Offbreak
KR Mayers,Kyle Rico Mayers,Left hand Bat,Right arm Medium
Shoaib Akhtar,Shoaib Akhtar,Right hand Bat,Right arm Fast
KK Ahmed,Khaleel Khursheed Ahmed,Right hand Bat,Left arm Medium
Ankit Sharma,Ankit Nagendra Sharma,Left hand Bat,Slow Left arm Orthodox
Sikandar Raza,Sikandar Raza Butt,Right hand Bat,Right arm Offbreak
GJ Bailey,George John Bailey,Right hand Bat,Right arm Medium
MW Short,Matthew William Short,Right hand Bat,Right arm Offbreak
RR Bhatkal,Raju Ravi Bhatkal,Right hand Bat,Right arm Medium
RR Pant,Rishabh Rajendra Pant,Left hand Bat, 
LI Meriwala,Lukman Iqbal Meriwala,Left hand Bat,Left arm Fast medium
I Sharma,Ishant Sharma,Right hand Bat,Right arm Fast medium
DJ Jacobs,David Johan Jacobs,Right hand Bat,Right arm Medium
D Pretorius,Dwaine Pretorius,Right hand Bat,Right arm Medium fast
D du Preez,Dillon du Preez,Right hand Bat,Right arm Fast medium
Abdur Razzak,Abdur Razzak,Left hand Bat,Slow Left arm Orthodox
KK Cooper,Kevon Keston Cooper,Right hand Bat,Right arm Medium
DG Nalkande,Darshan Girish Nalkande,Right hand Bat,Right arm Fast medium
AD Mascarenhas,Adrian Dimitri Mascarenhas,Right hand Bat,Right arm Fast medium
NS Naik,Nikhil Shankar Naik,Right hand Bat, 
AUK Pathan,Asad Ullah Khan Pathan,Right hand Bat,Right arm Medium
JR Hopes,James Redfern Hopes,Right hand Bat,Right arm Medium
AJ Turner,Ashton James Turner,Right hand Bat,Right arm Offbreak
KJ Abbott,Kyle John Abbott,Right hand Bat,Right arm Fast medium
VH Zol,Vijay Hari Zol,Left hand Bat,Right arm Offbreak
J Syed Mohammad,Jamaluddin Syed Mohammad,Left hand Bat,Slow Left arm Orthodox
Akash Madhwal,Akash Madhwal,Right hand Bat,Right arm Medium fast
JM Kemp,Justin Miles Kemp,Right hand Bat,Right arm Fast medium
KMA Paul,Keemo Mandela Angus Paul,Right hand Bat,Right arm Fast medium
PN Mankad,Prerak Nileshkumar Mankad,Right hand Bat,Right arm Medium
RW Price,Raymond William Price,Right hand Bat,Slow Left arm Orthodox
M Manhas,Mithun Manhas,Right hand Bat,Right arm Offbreak
SA Yadav,Suryakumar Ashok Yadav,Right hand Bat,"Right arm Medium, Right arm Offbreak"
Z Khan,Zaheer Khan,Right hand Bat,Left arm Fast medium
VS Yeligati,Vikrant Shyam Yeligati,Right hand Bat,Right arm Offbreak
NLTC Perera,Narangoda Liyanaarachchilage Thisara Chirantha Perera,Left hand Bat,Right arm Medium fast
SM Boland,Scott Michael Boland,Right hand Bat,Right arm Fast medium
Abhishek Sharma,Abhishek Sharma,Left hand Bat,Slow Left arm Orthodox
Jalaj S Saxena,Jalaj Sahai Saxena,Right hand Bat,"Right arm Offbreak, Legbreak Googly"
LPC Silva,Lindamlilage Prageeth Chamara Silva,Right hand Bat,Legbreak
A Mukund,Abhinav Mukund,Left hand Bat,Legbreak Googly
RV Gomez,Raiphi Vincent Gomez,Right hand Bat,Right arm Medium
K Kartikeya,Kumar Kartikeya Singh,Right hand Bat,"Slow Left arm Orthodox, Left arm Wrist spin"
VG Arora,Vaibhav Gopal Arora,Right hand Bat,Right arm Fast medium
A Badoni,Ayush Badoni,Right hand Bat,Right arm Offbreak
A Mishra,Amit Mishra,Right hand Bat,Legbreak
R Parag,Riyan Parag,Right hand Bat,Legbreak
JA Richardson,Jhye Avon Richardson,Right hand Bat,Right arm Fast
B Lee,Brett Lee,Right hand Bat,Right arm Fast
JM Bairstow,Jonathan Marc Bairstow,Right hand Bat,Right arm Medium
OF Smith,Odean Fabian Smith,Right hand Bat,Right arm Fast medium
AU Rashid,Adil Usman Rashid,Right hand Bat,Legbreak
SR Tendulkar,Sachin Ramesh Tendulkar,Right hand Bat,"Right arm Offbreak, Legbreak Googly"
DJ Muthuswami,Domnic Joseph Muthuswami,Right hand Bat,Right arm Medium
AJ Hosein,Akeal Jerome Hosein,Left hand Bat,Slow Left arm Orthodox
CV Varun,Varun Chakravarthy Vinod,Right hand Bat,Legbreak Googly
TK Curran,Thomas Kevin Curran,Right hand Bat,Right arm Fast medium
D Padikkal,Devdutt Padikkal,Left hand Bat,Right arm Offbreak
CR Brathwaite,Carlos Ricardo Brathwaite,Right hand Bat,Right arm Fast medium
TA Boult,Trent Alexander Boult,Right hand Bat,Left arm Fast medium
Anureet Singh,Kathuria Anureet Singh,Right hand Bat,Right arm Medium
Kartik Tyagi,Kartik Tyagi,Right hand Bat,Right arm Fast
Ankit Soni,Ankit Soni,Right hand Bat,Legbreak
Anirudh Singh,Anirudh Singh,Left hand Bat,Right arm Medium
AG Paunikar,Amit Gajanan Paunikar,Right hand Bat, 
CJ Ferguson,Callum James Ferguson,Right hand Bat,Right arm Medium
RJ Harris,Ryan James Harris,Right hand Bat,Right arm Fast
Tejas Baroka,Tejas Baroka,Right hand Bat,Legbreak Googly
BB Samantray,Biplab Bipin Samantray,Right hand Bat,Right arm Medium
SR Watson,Shane Robert Watson,Right hand Bat,Right arm Fast medium
YBK Jaiswal,Yashasvi Bhupendra Kumar Jaiswal,Left hand Bat,Legbreak
IC Porel,Ishan Chandranath Porel,Right hand Bat,Right arm Medium
NK Patel,Niraj Kanubhai Patel,Left hand Bat, 
J Suchith,Jagadeesha Suchith,Left hand Bat,Slow Left arm Orthodox
L Ablish,Love Ablish,Right hand Bat,Right arm Medium fast
Mohammed Shami,Mohammed Shami Ahmed,Right hand Bat,Right arm Fast
RT Ponting,Ricky Thomas Ponting,Right hand Bat,Right arm Medium
GS Sandhu,Gurinder Singh Sandhu,Left hand Bat,Right arm Fast medium
AT Carey,Alex Tyson Carey,Left hand Bat, 
L Ronchi,Luke Ronchi,Right hand Bat, 
CJ Anderson,Corey James Anderson,Left hand Bat,Left arm Medium fast
SS Iyer,Shreyas Santosh Iyer,Right hand Bat,"Right arm Offbreak, Legbreak Googly"
SO Hetmyer,Shimron Odilon Hetmyer,Left hand Bat, 
DJ Hussey,David John Hussey,Right hand Bat,Right arm Offbreak
AJ Tye,Andrew James Tye,Right hand Bat,Right arm Medium fast
H Klaasen,Heinrich Klaasen,Right hand Bat,Right arm Offbreak
S Sriram,Sridharan Sriram,Left hand Bat,Slow Left arm Orthodox
KAJ Roach,Kemar Andre Jamal Roach,Right hand Bat,Right arm Fast medium
B Laughlin,Ben Laughlin,Right hand Bat,Right arm Fast medium
Shivam Mavi,Shivam Pankaj Mavi,Right hand Bat,Right arm Fast medium
AM Rahane,Ajinkya Madhukar Rahane,Right hand Bat,Right arm Medium
DS Lehmann,Darren Scott Lehmann,Left hand Bat,Slow Left arm Orthodox
H Sharma,Himanshu Sharma,Right hand Bat,Legbreak
CA Lynn,Christopher Austin Lynn,Right hand Bat,Slow Left arm Orthodox
DJ Bravo,Dwayne John Bravo,Right hand Bat,Right arm Medium
Virat Singh,Virat Binod Singh,Left hand Bat,Legbreak Googly
VR Iyer,Venkatesh Rajasekaran Iyer,Left hand Bat,Right arm Medium
Ramandeep Singh,Ramandeep Singh,Right hand Bat,Right arm Medium
Mashrafe Mortaza,Mashrafe Bin Mortaza,Right hand Bat,Right arm Fast medium
SS Prabhudessai,Suyash S Prabhudessai,Right hand Bat,Right arm Medium
AP Tare,Aditya Prakash Tare,Right hand Bat, 
DP Vijaykumar,David Paidikalva Vijaykumar,Right hand Bat,Right arm Medium
EJG Morgan,Eoin Joseph Gerard Morgan,Left hand Bat,Right arm Medium
SW Tait,Shaun William Tait,Right hand Bat,Right arm Fast
Monu Kumar,Monu Kumar Singh,Right hand Bat,Right arm Medium
RS Gavaskar,Rohan Sunil Gavaskar,Left hand Bat,Slow Left arm Orthodox
JC Buttler,Joseph Charles Buttler,Right hand Bat, 
BMAJ Mendis,Balapuwaduge Manukulasuriya Amith Jeevan Mendis,Left hand Bat,Legbreak
SW Billings,Samuel William Billings,Right hand Bat, 
A Kamboj,Anshul Kamboj,Right hand Bat,Right arm Medium
A Raghuvanshi,Angkrish Raghuvanshi,Right hand Bat,Slow Left arm Orthodox
AA Kulkarni,Arshin Kulkarni,Right hand Bat,Right arm Medium
Arshad Khan,Arshad Khan,Left hand Bat,Left arm Medium
Ashutosh Sharma,Ashutosh Sharma,Right hand Bat, 
Azmatullah Omarzai,Azmatullah Omarzai,Right hand Bat,Right arm Medium fast
BR Sharath,BR Sharath,Right hand Bat, 
D Ferreira,Donovan Ferreira,Right hand Bat,Right arm Offbreak
G Coetzee,Gerald Coetzee,Right hand Bat,Right arm Fast
SB Dubey,Shubham Dubey,Left hand Bat,Right arm Offbreak
J Fraser-McGurk,Jake Fraser-McGurk,Right hand Bat,Legbreak Googly
KA Maharaj,Keshav Maharaj,Right hand Bat,Slow Left arm Orthodox
KS Rathore,Kunal Singh Rathore,Left hand Bat, 
KT Maphaka,Kwena Maphaka,Left hand Bat,Left arm Medium
Kumar Kushagra,Kumar Kushagra,Right hand Bat, 
L Wood,Luke Wood,Left hand Bat,Left arm Fast medium
LB Williams,Lizaad Williams,Left hand Bat,Right arm Medium fast
M Siddharth,Manimaran Siddharth,Right hand Bat,Slow Left arm Orthodox
MJ Suthar,Manav Suthar,Left hand Bat,Slow Left arm Orthodox
MP Yadav,Mayank Yadav,Right hand Bat,Right arm Fast
MS Bhandage,Manoj Bhandage,Left hand Bat,Right arm Medium fast
N Burger,Nandre Burger,Left hand Bat,Left arm Fast medium
N Thushara,Nuwan Thushara,Right hand Bat,Right arm Medium fast
Naman Dhir,Naman Dhir,Right hand Bat,Right arm Offbreak
R Minz,Robin Minz,Left hand Bat,Slow Left arm Orthodox
R Ravindra,Rachin Ravindra,Left hand Bat,Slow Left arm Orthodox
RJ Gleeson,Richard Gleeson,Right hand Bat,Right arm Fast medium
S Joseph,Shamar Joseph,Left hand Bat,Right arm Fast
SD Hope,Shai Hope,Right hand Bat, 
SH Johnson,Spencer Johnson,Left hand Bat,Left arm Fast
SK Rasheed,Shaik Rasheed,Right hand Bat,Legbreak
SZ Mulani,Shams Mulani,Left hand Bat,Slow Left arm Orthodox
Sameer Rizvi,Sameer Rizvi,Right hand Bat,Right arm Offbreak
Saurav Chauhan,Saurav Chauhan,Left hand Bat,Right arm Offbreak
Shivam Singh,Shivam Singh,Right hand Bat,Right arm Offbreak
Sumit Kumar,Sumit Kumar,Right hand Bat,Right arm Medium fast
T Kohler-Cadmore,Tom Kohler-Cadmore,Right hand Bat,Right arm Offbreak
Tanush Kotian,Tanush Kotian,Right hand Bat,Right arm Offbreak
V Kaverappa,Vidwath Kaverappa,Right hand Bat,Right arm Fast medium
V Viyaskanth,Vijayakanth Viyaskanth,Right hand Bat,Legbreak
WG Jacks,Will Jacks,Right hand Bat,Right arm Offbreak
Aniket Verma,Aniket Umashankar Verma,Right hand Bat,Right arm Medium fast
BKG Mendis,Balapuwaduge Kusal Gimhan Mendis,Right hand Bat,Legbreak
C Bosch,Corbin Bosch,Right hand Bat,Right arm Fast medium
DS Rathi,Digvesh Singh Rathi,Right hand Bat,Legbreak
E Malinga,Kiribathgala Kankanamalage Eshan Malinga Dharmasena,Left hand Bat,Right arm Fast medium
Gulbadin Naib,Gulbadin Naib,Right hand Bat,Right arm Medium fast
J Overton,Jamie Overton,Right hand Bat,Right arm Fast
JG Bethell,Jacob Graham Bethell,Left hand Bat,Slow Left arm Orthodox
JP Inglis,Joshua Patrick Inglis,Right hand Bat,
Karim Janat,Karim Janat,Right hand Bat,Right arm Medium 
M Tiwari,Madhav Tiwari,Right hand Bat,Right arm Medium fast
MJ Owen,Mitchell J Owen,Right hand Bat,Right arm Medium
MP Breetzke,Matthew Paul Breetzke,Right hand Bat,
PHKD Mendis,Pasqual Handi Kamindu Dilanka Mendis,Left hand Bat,"Right arm Offbreak, Slow Left arm Orthodox"
PVSN Raju,Penumatsa Venkata Satyanarayana Raju,Right hand Bat,Right arm Medium fast
PWA Mulder,Pieter Willem Adriaan Mulder,Right hand Bat,Right arm Medium
RD Rickelton,Ryan David Rickelton,Right hand Bat,
Sediqullah Atal,Sediqullah Atal,Left hand Bat,
Suryansh Shedge,Suryansh Shedge,Right hand Bat,Right arm Medium fast
V Nigam,Vipraj Nigam,Right hand Bat,Legbreak
V Puthur,Vignesh Puthur,Right hand Bat,Left arm Wrist spin
V Suryavanshi,Vaibhav Suryavanshi,Left hand Bat,Slow Left arm Orthodox
W O'Rourke,William Peter O'Rourke,Right hand Bat,Right arm Fast
XC Bartlett,Xavier Colin Bartlett,Right hand Bat,Right arm Fast medium
Zeeshan Ansari,Zeeshan Ansari,Right hand Bat,Legbreak Googly
A Mhatre,Ayush Mhatre,Right hand Bat,Right arm Offbreak
Ashwani Kumar,Ashwani Kumar,Left hand Bat,Left arm Medium
Harsh Dubey,Harsh Surendra Dubey,Left hand Bat,Slow Left arm Orthodox
Musheer Khan,Musheer Khan,Right hand Bat,Slow Left arm Orthodox
Prince Yadav,Prince Yadav,Right hand Bat,Right arm Fast
Priyansh Arya,Priyansh Arya,Left hand Bat,Right arm Offbreak
Urvil Patel,Urvil Mukesh Patel,Right hand Bat,